feature,importance_accepted,importance_refused,difference
APARTMENTS_MEDI,0.3734591299609143,0.7060257991489188,0.33256666918800454
NONLIVINGAPARTMENTS_MODE,0.6121186488865455,0.9430512956655159,0.3309326467789704
CLOSED_DAYS_CREDIT_VAR,0.12280488356542374,0.2618883674501348,0.13908348388471103
NONLIVINGAREA_MODE,0.25819349224600147,0.3805644111947319,0.12237091894873042
CC_AMT_DRAWINGS_CURRENT_MAX,0.07129669109174246,0.10618044971797069,0.03488375862622824
CC_CNT_DRAWINGS_CURRENT_MIN,0.02265687932635791,0.05582092599755532,0.033164046671197406
CC_AMT_DRAWINGS_ATM_CURRENT_SUM,0.010546847608269513,0.041937491520133575,0.031390643911864066
CC_AMT_INST_MIN_REGULARITY_VAR,0.07363183365600119,0.1031940107976796,0.029562177141678414
REFUSED_AMT_APPLICATION_MIN,0.006032171405054189,0.034114710401537345,0.028082538996483157
BURO_CREDIT_CURRENCY_currency_1_MEAN,0.011665584053101594,0.0356678002083715,0.024002216155269908
POS_NAME_CONTRACT_STATUS_Approved_MEAN,0.03854672362255372,0.06227685949821273,0.02373013587565901
CC_CNT_DRAWINGS_ATM_CURRENT_VAR,0.05165181204539231,0.07354918251105581,0.0218973704656635
PREV_AMT_APPLICATION_MIN,0.031359236084344065,0.05319645941594359,0.02183722333159952
FLOORSMIN_AVG,0.02314900973662598,0.04411898616482705,0.020969976428201066
PREV_WEEKDAY_APPR_PROCESS_START_SATURDAY_MEAN,0.012778262588715315,0.03365896100362385,0.020880698414908538
PREV_NAME_CASH_LOAN_PURPOSE_Buying_a_garage_MEAN,0.00783522337318081,0.027223711848023052,0.019388488474842244
CC_CNT_DRAWINGS_POS_CURRENT_VAR,0.01687064899489699,0.03585724363300665,0.01898659463810966
BURO_CREDIT_TYPE_Interbank_credit_MEAN,0.012282494005389907,0.02970196958523505,0.01741947557984514
CC_AMT_DRAWINGS_CURRENT_MEAN,0.030522716724939374,0.047196404454902405,0.01667368772996303
YEARS_BUILD_MEDI,0.013565738036308268,0.02990942696537296,0.016343688929064695
PREV_NAME_CLIENT_TYPE_New_MEAN,0.007642450951577715,0.023303055668124673,0.01566060471654696
CC_NAME_CONTRACT_STATUS_Completed_MEAN,0.010487489868858323,0.026141996020736847,0.015654506151878522
BURO_CREDIT_ACTIVE_Sold_MEAN,0.015534974070522727,0.03115012856520904,0.015615154494686312
BURO_CREDIT_TYPE_Credit_card_MEAN,0.009920157828587907,0.025376576908877603,0.015456419080289696
PREV_NAME_CASH_LOAN_PURPOSE_Furniture_MEAN,0.050056217764057935,0.06543383960996767,0.015377621845909732
PREV_NAME_GOODS_CATEGORY_Gardening_MEAN,0.0021882830906816567,0.016692800743007358,0.014504517652325702
CC_NAME_CONTRACT_STATUS_Sent_proposal_MAX,0.046813830135784024,0.06092809997962433,0.014114269843840309
NAME_TYPE_SUITE_Children,0.013447709534800664,0.02746653422902319,0.014018824694222526
REFUSED_DAYS_DECISION_MIN,0.003158071374675227,0.01701722235774943,0.013859150983074203
REFUSED_RATE_DOWN_PAYMENT_MEAN,0.005622153178144282,0.019230041378778814,0.013607888200634532
BURO_CREDIT_TYPE_Consumer_credit_MEAN,0.008337372685393907,0.02100662207750112,0.012669249392107212
AMT_REQ_CREDIT_BUREAU_DAY,0.005572108818332528,0.017616382333626432,0.012044273515293904
ACTIVE_AMT_ANNUITY_MAX,0.02653228389295876,0.038538591136438864,0.012006307243480105
NAME_CONTRACT_TYPE_Cash_loans,0.010750243721359081,0.02251063478277,0.011760391061410918
INSTAL_DBD_MEAN,0.03397789867702332,0.045729558710086715,0.011751660033063396
CC_AMT_PAYMENT_CURRENT_VAR,0.021694599691712363,0.033308760540765536,0.011614160849053173
PREV_DAYS_DECISION_MIN,0.02375915737644572,0.03498000662834846,0.011220849251902736
PREV_AMT_DOWN_PAYMENT_MAX,0.016348089108600743,0.027435985644921855,0.011087896536321112
CC_AMT_DRAWINGS_CURRENT_MIN,0.022757589425658108,0.03376570245783003,0.011008113032171925
BURO_CREDIT_TYPE_Cash_loan_non-earmarked_MEAN,0.02741911628902886,0.03823459241963817,0.010815476130609309
CC_SK_DPD_DEF_MIN,0.05243609805821314,0.06282715017347316,0.010391052115260022
CC_AMT_BALANCE_MIN,0.007200677715946453,0.017586062336061706,0.010385384620115252
CC_AMT_INST_MIN_REGULARITY_MEAN,0.01414359445698501,0.024503954267841827,0.010360359810856817
LANDAREA_MODE,0.013576044945665375,0.02375326906598483,0.010177224120319454
REFUSED_DAYS_DECISION_MAX,0.0688455333140024,0.07893574840494963,0.010090215090947235
BURO_CREDIT_CURRENCY_nan_MEAN,0.009176295556857696,0.018912765434785993,0.009736469877928297
CLOSED_DAYS_CREDIT_ENDDATE_MEAN,0.02516315898875035,0.034746557775483806,0.009583398786733456
APARTMENTS_AVG,0.008809497335545998,0.018362803387905666,0.009553306052359668
ORGANIZATION_TYPE_Culture,0.009981249901294066,0.01953068241037344,0.009549432509079374
BURO_CREDIT_ACTIVE_Closed_MEAN,0.007075693048558116,0.016572280498589265,0.009496587450031149
POS_MONTHS_BALANCE_MAX,0.035214356761367395,0.04460526071246211,0.009390903951094716
REFUSED_AMT_CREDIT_MAX,0.002679046137342573,0.012068372833093605,0.009389326695751033
PREV_NAME_CASH_LOAN_PURPOSE_Education_MEAN,0.0095881867505967,0.018883645501831626,0.009295458751234926
PREV_NAME_CLIENT_TYPE_Repeater_MEAN,0.026695332980038063,0.03543038567238854,0.008735052692350479
PREV_NAME_CASH_LOAN_PURPOSE_Buying_a_holiday_home_land_MEAN,0.008521248717162838,0.016405744013076706,0.007884495295913868
FONDKAPREMONT_MODE_not_specified,0.00017264258609833212,0.007946077148568709,0.007773434562470377
APPROVED_AMT_APPLICATION_MEAN,0.025629352309623068,0.033101207944101575,0.007471855634478507
CC_CNT_DRAWINGS_OTHER_CURRENT_VAR,0.017107777381167102,0.024488944783685098,0.007381167402517996
APPROVED_CNT_PAYMENT_MEAN,0.004157153722430022,0.011472275780410797,0.007315122057980775
CC_AMT_PAYMENT_TOTAL_CURRENT_MIN,0.0007065700488335089,0.008013562417813402,0.0073069923689798935
CC_AMT_DRAWINGS_OTHER_CURRENT_MIN,0.0021191057157823774,0.009266231070467307,0.00714712535468493
PREV_AMT_DOWN_PAYMENT_MIN,0.010446334951946235,0.01758333257589297,0.007136997623946734
BURO_CREDIT_CURRENCY_currency_4_MEAN,0.0069857329218248245,0.013871094597996202,0.006885361676171377
PREV_NAME_CASH_LOAN_PURPOSE_Everyday_expenses_MEAN,0.004792881237855817,0.011411152228129695,0.0066182709902738775
CC_AMT_DRAWINGS_CURRENT_VAR,0.01916573246644458,0.025783243334454718,0.0066175108680101395
CLOSED_AMT_CREDIT_SUM_DEBT_MEAN,0.02659878284187002,0.033176014151454415,0.006577231309584396
REFUSED_HOUR_APPR_PROCESS_START_MIN,0.0024371734432873556,0.008990408816298652,0.0065532353730112965
ORGANIZATION_TYPE_Police,0.01174761408271705,0.01826957187438915,0.0065219577916720995
CC_AMT_PAYMENT_CURRENT_MEAN,0.004337999593674315,0.010679303704932298,0.006341304111257983
COMMONAREA_MODE,0.02932051133447841,0.03555498974893203,0.006234478414453619
PREV_DAYS_DECISION_MEAN,0.01226140762274746,0.018270231750258683,0.006008824127511223
POS_NAME_CONTRACT_STATUS_nan_MEAN,0.03404443539321639,0.040050912887949396,0.006006477494733008
FLAG_DOCUMENT_14,0.018157661778092853,0.024025686985672305,0.0058680252075794526
PREV_WEEKDAY_APPR_PROCESS_START_SUNDAY_MEAN,0.030038579722061007,0.035898871688113745,0.005860291966052738
CC_AMT_TOTAL_RECEIVABLE_VAR,0.008148301420927831,0.014005142842880727,0.005856841421952896
CLOSED_DAYS_CREDIT_ENDDATE_MIN,0.0100121517702497,0.01584558593755792,0.0058334341673082196
NONLIVINGAPARTMENTS_AVG,0.011288201902564849,0.01710394627953005,0.0058157443769652015
PREV_NAME_GOODS_CATEGORY_Vehicles_MEAN,0.0021131981468587454,0.00788108500366461,0.005767886856805864
PREV_WEEKDAY_APPR_PROCESS_START_TUESDAY_MEAN,0.014418545540538725,0.02013707481066193,0.005718529270123207
CC_NAME_CONTRACT_STATUS_Refused_SUM,0.0007722057185714822,0.006460835840233117,0.005688630121661635
BURO_CREDIT_CURRENCY_currency_3_MEAN,0.027180637488032247,0.03278005330738064,0.005599415819348391
CLOSED_AMT_CREDIT_SUM_SUM,0.00981519349218289,0.01529918840604166,0.005483994913858771
ORGANIZATION_TYPE_Industry_type_6,0.007784913603731484,0.013255171016355016,0.005470257412623532
CC_NAME_CONTRACT_STATUS_Active_MIN,0.03235234239969983,0.03780349338604103,0.005451150986341205
PREV_NAME_CASH_LOAN_PURPOSE_Building_a_house_or_an_annex_MEAN,0.0032039053959462484,0.0086174585146293,0.005413553118683053
CLOSED_DAYS_CREDIT_MEAN,0.005136200214203081,0.01052572009643171,0.005389519882228629
CC_AMT_DRAWINGS_ATM_CURRENT_MEAN,0.007841216837208238,0.013222478050166075,0.005381261212957837
REFUSED_AMT_GOODS_PRICE_MEAN,0.00763739685228106,0.012967554492592527,0.0053301576403114665
PREV_AMT_APPLICATION_MAX,0.006780469725175983,0.011998649682313907,0.0052181799571379235
CC_AMT_BALANCE_MAX,0.013012379864026707,0.018196827330343477,0.00518444746631677
REFUSED_APP_CREDIT_PERC_MIN,0.006998123349953285,0.012136237595123434,0.005138114245170149
BURO_CREDIT_TYPE_Loan_for_business_development_MEAN,0.004569197553722621,0.009646954173834137,0.005077756620111516
CC_AMT_CREDIT_LIMIT_ACTUAL_MAX,0.008663388520446872,0.013697963288013678,0.005034574767566805
CC_AMT_INST_MIN_REGULARITY_SUM,0.026069585154829922,0.031079593205451405,0.0050100080506214825
CC_AMT_DRAWINGS_CURRENT_SUM,0.009987494821613721,0.014919782003676026,0.004932287182062305
LIVINGAPARTMENTS_MEDI,0.00484986846237321,0.0097568565953912,0.004906988133017989
PREV_NAME_CASH_LOAN_PURPOSE_Buying_a_new_car_MEAN,0.00426682169907111,0.009166165977510287,0.004899344278439177
FLAG_DOCUMENT_13,0.009227046860137615,0.014091885012280096,0.004864838152142481
REFUSED_AMT_APPLICATION_MAX,0.007611495324431918,0.01239438294611982,0.004782887621687902
APARTMENTS_MODE,0.010941915012293812,0.01572276806941482,0.004780853057121007
PREV_CNT_PAYMENT_SUM,0.013025092665308834,0.01777826014806646,0.004753167482757625
PREV_NAME_CASH_LOAN_PURPOSE_XAP_MEAN,0.0033074361876043973,0.008059645933442555,0.004752209745838157
ORGANIZATION_TYPE_Emergency,0.0018405328838359664,0.006475288120004724,0.004634755236168757
REFUSED_CNT_PAYMENT_SUM,0.0031855615399279022,0.007753322235699497,0.004567760695771595
EXT_SOURCE_1,0.040813427337883554,0.04536770116896567,0.004554273831082117
PREV_NAME_CASH_LOAN_PURPOSE_Car_repairs_MEAN,0.007372183616563416,0.011891926156349514,0.004519742539786098
CC_AMT_BALANCE_MEAN,0.010412342909068197,0.014906027942252683,0.004493685033184485
PREV_WEEKDAY_APPR_PROCESS_START_MONDAY_MEAN,0.006829955489844328,0.011095339154078133,0.004265383664233805
BURO_MONTHS_BALANCE_SIZE_SUM,0.0066100321541394,0.010874111433489585,0.004264079279350185
REFUSED_AMT_ANNUITY_MEAN,0.002548603928639758,0.006771600744666208,0.00422299681602645
PREV_NAME_GOODS_CATEGORY_Insurance_MEAN,0.0007471257782700889,0.004896952417495393,0.004149826639225304
BURO_MONTHS_BALANCE_MAX_MAX,0.03717733541862061,0.04123169657989647,0.00405436116127586
POS_NAME_CONTRACT_STATUS_Active_MEAN,0.026029847486093924,0.03001093038512382,0.003981082899029896
PREV_AMT_CREDIT_MEAN,0.005084445619451914,0.009062449226217057,0.003978003606765143
CLOSED_AMT_CREDIT_SUM_DEBT_MAX,0.006356648484470558,0.010311796366302422,0.0039551478818318645
FLAG_DOCUMENT_19,0.004025392025316251,0.007977271103488922,0.003951879078172671
BURO_CREDIT_ACTIVE_nan_MEAN,0.012895020332796157,0.016790712775762873,0.0038956924429667163
ACTIVE_DAYS_CREDIT_UPDATE_MEAN,0.005459537437639441,0.009333902472938322,0.0038743650352988813
OCCUPATION_TYPE_Security_staff,0.017111733033292404,0.020776721217971004,0.0036649881846785998
NONLIVINGAPARTMENTS_MEDI,0.013272040359619508,0.016917854956350932,0.0036458145967314236
REFUSED_DAYS_DECISION_MEAN,0.012202932153743077,0.015835438767357667,0.0036325066136145903
CLOSED_CNT_CREDIT_PROLONG_SUM,0.006722478458981788,0.01033964761396293,0.0036171691549811416
PREV_NAME_CONTRACT_TYPE_Cash_loans_MEAN,0.004940612742870687,0.008432607436053998,0.003491994693183311
BURO_STATUS_5_MEAN_MEAN,0.03563312771828775,0.03911995625470306,0.0034868285364153123
ELEVATORS_MODE,0.009448582857349168,0.012789791085991929,0.003341208228642761
FLAG_DOCUMENT_9,0.005912194813607249,0.009218438705475493,0.0033062438918682437
PREV_NAME_GOODS_CATEGORY_Sport_and_Leisure_MEAN,0.0099603773924439,0.013059237768875747,0.0030988603764318477
ELEVATORS_AVG,0.0497915570850652,0.05262682030176641,0.00283526321670121
FLAG_DOCUMENT_7,0.001879267011121606,0.004649506259983522,0.002770239248861916
BURO_CREDIT_CURRENCY_currency_2_MEAN,0.007328521329566199,0.010086787281415937,0.002758265951849738
CC_AMT_BALANCE_SUM,0.014270775476347534,0.01698405486699379,0.0027132793906462574
CC_AMT_DRAWINGS_ATM_CURRENT_VAR,0.006863564294512958,0.009573671103103764,0.0027101068085908057
NAME_HOUSING_TYPE_Co-op_apartment,0.00550109024354055,0.008193988005623919,0.002692897762083369
NAME_EDUCATION_TYPE_Incomplete_higher,0.0006022892521005201,0.003186228775561213,0.0025839395234606927
PREV_FLAG_LAST_APPL_PER_CONTRACT_Y_MEAN,0.011742094431043008,0.01432217984485766,0.002580085413814652
APPROVED_HOUR_APPR_PROCESS_START_MIN,0.0006334563874676218,0.003193948799972576,0.002560492412504954
REFUSED_APP_CREDIT_PERC_MAX,0.015796230928808417,0.018350834830542614,0.0025546039017341968
PREV_NAME_CASH_LOAN_PURPOSE_Urgent_needs_MEAN,0.008437045639719446,0.010977537513603414,0.0025404918738839675
CC_MONTHS_BALANCE_MEAN,0.006228166048843212,0.008743669387254958,0.002515503338411746
CC_CNT_DRAWINGS_ATM_CURRENT_MEAN,0.021581775109946796,0.02406548430198242,0.002483709192035624
FLAG_DOCUMENT_4,0.007330845593022147,0.009791714533644656,0.0024608689406225093
REFUSED_AMT_DOWN_PAYMENT_MAX,0.0055146650134187,0.007963120325088412,0.0024484553116697113
PREV_NAME_GOODS_CATEGORY_Education_MEAN,0.001086940686591585,0.0035353232054297665,0.0024483825188381814
PREV_FLAG_LAST_APPL_PER_CONTRACT_nan_MEAN,0.002421883867299058,0.004869807856803714,0.002447923989504656
BURO_CREDIT_ACTIVE_Bad_debt_MEAN,0.07954502793170799,0.08194052718642053,0.002395499254712538
PREV_AMT_DOWN_PAYMENT_MEAN,0.012931456926827064,0.01532382329550583,0.0023923663686787663
PREV_NAME_CASH_LOAN_PURPOSE_Buying_a_used_car_MEAN,0.00297931837168161,0.005370084477845289,0.0023907661061636793
YEARS_BEGINEXPLUATATION_MEDI,0.0029185615122303984,0.005296357328074246,0.002377795815843848
CC_AMT_DRAWINGS_OTHER_CURRENT_MAX,0.06198831526229819,0.06417325814218369,0.0021849428798855
PREV_RATE_DOWN_PAYMENT_MIN,0.0033364680684538637,0.005518915499212236,0.0021824474307583722
APPROVED_AMT_CREDIT_MEAN,0.004865424901469495,0.0069648824844935914,0.0020994575830240968
CC_AMT_BALANCE_VAR,0.014731682148319093,0.016827995826730814,0.0020963136784117216
PREV_NAME_CONTRACT_TYPE_nan_MEAN,0.0032139496821484252,0.005289353195111308,0.002075403512962883
PREV_APP_CREDIT_PERC_MIN,0.0034832525659028064,0.005528756234291784,0.0020455036683889776
CLOSED_AMT_CREDIT_SUM_LIMIT_MEAN,0.011165737648367834,0.013195410251781036,0.002029672603413203
BURO_STATUS_nan_MEAN_MEAN,0.0005526845922183814,0.0025321751632403234,0.001979490571021942
POS_SK_DPD_DEF_MEAN,0.006051320813744381,0.008029191449513456,0.001977870635769075
POS_NAME_CONTRACT_STATUS_Canceled_MEAN,0.0002929360966185031,0.002225055154999208,0.001932119058380705
REFUSED_HOUR_APPR_PROCESS_START_MAX,0.007558408082821569,0.009450373805524843,0.0018919657227032738
YEARS_BUILD_AVG,0.05687231069556396,0.058693774546864565,0.0018214638513006018
INSTAL_PAYMENT_PERC_MEAN,0.002069978014389521,0.003826794639621184,0.001756816625231663
INSTAL_PAYMENT_PERC_VAR,0.005716319120477048,0.007447316828635814,0.0017309977081587666
APPROVED_AMT_APPLICATION_MAX,0.0029893843753821623,0.00469304411422207,0.0017036597388399074
BURO_STATUS_C_MEAN_MEAN,0.00040235500564679837,0.0020803394358095686,0.0016779844301627702
CC_NAME_CONTRACT_STATUS_Sent_proposal_MEAN,0.005432216800364797,0.007107015362121526,0.0016747985617567287
REFUSED_AMT_CREDIT_MEAN,0.007230405860379457,0.008875119811553244,0.0016447139511737863
PREV_AMT_CREDIT_MIN,0.005255087840637405,0.006876790492091424,0.0016217026514540192
CC_AMT_DRAWINGS_POS_CURRENT_VAR,0.0063754212766620405,0.0079324947212009,0.0015570734445388588
PREV_PRODUCT_COMBINATION_Cash_Street_middle_MEAN,0.002453462802686441,0.004008830288095216,0.0015553674854087746
PREV_PRODUCT_COMBINATION_Cash_Street_low_MEAN,0.005898144042571127,0.007451755835293761,0.001553611792722634
BURO_CREDIT_TYPE_Mortgage_MEAN,0.002742304943946977,0.0042755599775091725,0.0015332550335621954
PREV_NAME_GOODS_CATEGORY_Additional_Service_MEAN,0.004609885682852999,0.0061285150141627805,0.0015186293313097813
ELEVATORS_MEDI,0.00824889084517583,0.009758193009451613,0.0015093021642757828
OBS_30_CNT_SOCIAL_CIRCLE,0.005880400278961283,0.007374504842606379,0.0014941045636450963
BASEMENTAREA_MEDI,0.007513947668654544,0.008997994515198402,0.0014840468465438577
PREV_AMT_GOODS_PRICE_MAX,0.0006669464790069618,0.0021176014455254453,0.0014506549665184835
POS_SK_DPD_MEAN,0.016822574478198193,0.018246951455788002,0.0014243769775898092
INSTAL_AMT_INSTALMENT_MEAN,0.016907083231455063,0.018323777280631524,0.001416694049176461
FLOORSMAX_MEDI,0.00048181602375044994,0.0018766710355617214,0.0013948550118112715
PREV_WEEKDAY_APPR_PROCESS_START_FRIDAY_MEAN,0.006328587436813084,0.007714968472733709,0.0013863810359206249
DAYS_BIRTH_encoded_803,0.0043580773431283245,0.005721462071389858,0.0013633847282615331
PREV_NAME_SELLER_INDUSTRY_nan_MEAN,0.005020029190418238,0.006365140373752819,0.0013451111833345806
FLOORSMAX_AVG,0.015925804180812023,0.01726275954028808,0.0013369553594760573
PREV_NAME_GOODS_CATEGORY_Photo_Cinema_Equipment_MEAN,0.0036600025286038155,0.00497220364235569,0.0013122011137518745
REFUSED_APP_CREDIT_PERC_MEAN,0.00027252946069298396,0.0015752999374326125,0.0013027704767396286
LIVINGAREA_AVG,0.002341779759378154,0.0036138718902311777,0.0012720921308530236
PREV_NAME_CASH_LOAN_PURPOSE_Business_development_MEAN,0.0008142402337464555,0.0020261400419857682,0.0012118998082393127
POS_MONTHS_BALANCE_MEAN,0.0018463091822074182,0.003052803153683331,0.0012064939714759128
AMT_REQ_CREDIT_BUREAU_HOUR,0.005691772707285275,0.006865072572251572,0.0011732998649662974
NAME_INCOME_TYPE_Pensioner,0.00023049056554984767,0.0013881098494444037,0.001157619283894556
POS_SK_DPD_DEF_MAX,0.0049926609183982805,0.006134882995426771,0.0011422220770284904
PREV_PRODUCT_COMBINATION_Card_X-Sell_MEAN,0.0030086555729619043,0.004091608008357092,0.0010829524353951877
REFUSED_AMT_DOWN_PAYMENT_MEAN,0.0006906038857354448,0.0017699697890022753,0.0010793659032668306
DAYS_LAST_PHONE_CHANGE,0.004140146593690112,0.005207483984099357,0.0010673373904092455
PREV_NAME_YIELD_GROUP_middle_MEAN,0.00975584611306857,0.010817113458602977,0.001061267345534406
FLAG_DOCUMENT_8,0.005217087736286393,0.006273360812721583,0.0010562730764351897
FLAG_DOCUMENT_10,0.0006209495837069483,0.0016747895184822457,0.0010538399347752975
PREV_NAME_GOODS_CATEGORY_Medicine_MEAN,0.0009646483306205884,0.001998399874118369,0.0010337515434977805
APPROVED_AMT_GOODS_PRICE_MIN,0.005371738323009071,0.006398508646382956,0.0010267703233738847
CC_AMT_DRAWINGS_OTHER_CURRENT_VAR,0.010482271576844868,0.011499946935460673,0.0010176753586158046
CC_AMT_DRAWINGS_ATM_CURRENT_MAX,0.0035164746920056545,0.004483947852901331,0.0009674731608956761
CLOSED_AMT_CREDIT_SUM_DEBT_SUM,0.007989937443053222,0.008951889857238616,0.0009619524141853946
REFUSED_AMT_GOODS_PRICE_MAX,0.003323483649550454,0.004276254163213276,0.0009527705136628223
APPROVED_RATE_DOWN_PAYMENT_MAX,0.00127259069487885,0.0022133707665096926,0.0009407800716308425
POS_NAME_CONTRACT_STATUS_Amortized_debt_MEAN,0.007407529385853101,0.0083313568674165,0.0009238274815633989
BURO_STATUS_3_MEAN_MEAN,0.005338784426908939,0.006259338080843005,0.0009205536539340659
PREV_NAME_GOODS_CATEGORY_Other_MEAN,0.00648053648543791,0.007390940921218436,0.0009104044357805263
HOUSETYPE_MODE_specific_housing,0.0004483344057510307,0.0013370823457222935,0.0008887479399712628
FLAG_DOCUMENT_12,0.01290773595401609,0.013786540369983587,0.000878804415967497
CC_SK_DPD_DEF_VAR,0.01144857145847992,0.012266350392368269,0.0008177789338883485
PREV_AMT_APPLICATION_MEAN,0.0051954755789318805,0.006013005594316234,0.0008175300153843539
PREV_CODE_REJECT_REASON_XNA_MEAN,0.0005427913838728786,0.001358406577415493,0.0008156151935426143
PREV_NAME_YIELD_GROUP_high_MEAN,0.0007891819522949913,0.001584045904676928,0.0007948639523819368
PREV_NAME_GOODS_CATEGORY_Office_Appliances_MEAN,0.0012489621819215264,0.0020403857520821826,0.0007914235701606562
INSTAL_DBD_SUM,0.006360247798101648,0.007121432903760731,0.0007611851056590832
REFUSED_AMT_CREDIT_MIN,0.0025576581456942214,0.003291113383139734,0.0007334552374455125
REFUSED_AMT_GOODS_PRICE_MIN,0.00226499458438561,0.002993329216233769,0.000728334631848159
INSTAL_DAYS_ENTRY_PAYMENT_MEAN,0.0010381344299034434,0.0017186493202885707,0.0006805148903851273
CC_SK_DPD_MEAN,0.00019899507767292038,0.0008462262003236433,0.0006472311226507229
ORGANIZATION_TYPE_Bank,0.00030324571761310696,0.0009431237721462212,0.0006398780545331143
PREV_NAME_CASH_LOAN_PURPOSE_Wedding_gift_holiday_MEAN,0.0009082539195212326,0.0015299610794062511,0.0006217071598850185
PREV_NAME_CLIENT_TYPE_XNA_MEAN,0.0002778598558919004,0.000894966231839677,0.0006171063759477766
CC_AMT_DRAWINGS_POS_CURRENT_MEAN,0.003189468407973824,0.003790181159301487,0.000600712751327663
REFUSED_RATE_DOWN_PAYMENT_MAX,0.0110998543091972,0.011692987314905373,0.0005931330057081727
PREV_NAME_GOODS_CATEGORY_Consumer_Electronics_MEAN,0.000761474737133879,0.0013351738159452706,0.0005736990788113915
PREV_NAME_CONTRACT_TYPE_Consumer_loans_MEAN,0.013504004379512831,0.014074909418465065,0.0005709050389522338
PREV_NAME_TYPE_SUITE_Group_of_people_MEAN,0.0005266593176977214,0.0010904000320950853,0.0005637407143973639
CC_SK_DPD_DEF_MEAN,0.0041116370239190295,0.004667151707003943,0.0005555146830849133
PREV_NAME_GOODS_CATEGORY_Jewelry_MEAN,0.005085021912148864,0.005639109299751854,0.0005540873876029905
NAME_FAMILY_STATUS_Unknown,0.0002613225668863259,0.0008152126214614844,0.0005538900545751585
FLAG_DOCUMENT_15,0.0024839833045954547,0.0030352813767259325,0.0005512980721304778
FLAG_DOCUMENT_21,0.004772659105641317,0.005310094851732602,0.0005374357460912853
NONLIVINGAREA_MEDI,0.000895202428000932,0.0014282267777130354,0.0005330243497121033
REFUSED_APP_CREDIT_PERC_VAR,0.021734899549824438,0.022244657251782714,0.0005097577019582758
CLOSED_MONTHS_BALANCE_SIZE_SUM,0.000820758414267699,0.0013267658636649375,0.0005060074493972384
FLAG_DOCUMENT_18,0.0015214326175458843,0.0020219479601954783,0.000500515342649594
OCCUPATION_TYPE_Cooking_staff,0.0005228321904662186,0.001008936039135437,0.00048610384866921844
ORGANIZATION_TYPE_Construction,0.008471061047828608,0.008942988715632344,0.0004719276678037364
CC_NAME_CONTRACT_STATUS_Approved_MAX,0.0003346455064352241,0.0007948872281532122,0.0004602417217179881
APPROVED_AMT_ANNUITY_MEAN,0.0014091054307014423,0.0018629997937751257,0.00045389436307368336
PREV_PRODUCT_COMBINATION_POS_others_without_interest_MEAN,0.00012644823521531463,0.0005734963779269822,0.0004470481427116676
PREV_WEEKDAY_APPR_PROCESS_START_WEDNESDAY_MEAN,0.003055883688372678,0.003494128587278586,0.000438244898905908
CLOSED_CREDIT_DAY_OVERDUE_MEAN,0.011602184794908132,0.01202297460816952,0.0004207898132613883
APPROVED_DAYS_DECISION_MIN,0.0006656226685685361,0.0010685754848360756,0.0004029528162675395
PREV_NAME_PORTFOLIO_POS_MEAN,0.0007035196580000234,0.0011043030160137622,0.0004007833580137388
BURO_CREDIT_TYPE_nan_MEAN,0.0034666738187991214,0.00386174592870525,0.0003950721099061287
CC_MONTHS_BALANCE_MAX,0.002816633270859277,0.003211410376842043,0.00039477710598276577
BURO_MONTHS_BALANCE_MIN_MIN,8.464916237517365e-05,0.00047607246481650974,0.0003914233024413361
APPROVED_AMT_DOWN_PAYMENT_MIN,0.002464289500940975,0.0028486699245063645,0.0003843804235653895
APPROVED_CNT_PAYMENT_SUM,0.007722067292903872,0.008106422880204212,0.0003843555873003397
ORGANIZATION_TYPE_Industry_type_1,0.0001435992747839664,0.0005272151437182567,0.0003836158689342903
PREV_AMT_GOODS_PRICE_MIN,0.001009479281886852,0.001386185877249439,0.000376706595362587
PREV_NAME_CASH_LOAN_PURPOSE_Purchase_of_electronic_equipment_MEAN,0.0021795096643956254,0.0025459996995359697,0.0003664900351403443
CC_AMT_TOTAL_RECEIVABLE_SUM,0.00112073384853606,0.0014503100764626123,0.00032957622792655224
YEARS_BUILD_MODE,0.001387166771733372,0.001699345829931961,0.00031217905819858885
CLOSED_AMT_CREDIT_SUM_LIMIT_SUM,0.00044816626250489754,0.000741085348185593,0.0002929190856806955
WEEKDAY_APPR_PROCESS_START_SATURDAY,0.00029861016741044487,0.00058043993127962,0.00028182976386917515
PREV_PRODUCT_COMBINATION_Cash_X-Sell_low_MEAN,0.0009540806506995546,0.0012290144691182363,0.00027493381841868167
PREV_NAME_CASH_LOAN_PURPOSE_Medicine_MEAN,0.00041266828386268877,0.000685747748941146,0.0002730794650784572
BASEMENTAREA_MODE,0.00031940769724284556,0.000589426017454413,0.00027001832021156746
REFUSED_AMT_ANNUITY_MAX,0.009432715225123648,0.009702320516410323,0.0002696052912866745
POS_NAME_CONTRACT_STATUS_Returned_to_the_store_MEAN,0.000558059897188619,0.000815199560684669,0.00025713966349604996
ACTIVE_AMT_ANNUITY_MEAN,0.0016764099647179908,0.00193289456694022,0.0002564846022222291
PREV_AMT_GOODS_PRICE_MEAN,0.0004154779831138346,0.0006583244520428073,0.0002428464689289727
APPROVED_DAYS_DECISION_MAX,0.00019982613136066042,0.0004409900230493755,0.00024116389168871508
PREV_NAME_GOODS_CATEGORY_Tourism_MEAN,0.0014793941674579908,0.00171663446812069,0.00023724030066269927
ACTIVE_MONTHS_BALANCE_SIZE_SUM,0.0056619419471069425,0.005874072636978027,0.00021213068987108435
CC_CNT_DRAWINGS_CURRENT_SUM,0.002722923928675447,0.0029350374421819258,0.00021211351350647898
PREV_RATE_DOWN_PAYMENT_MAX,0.005707224648759973,0.005912934073735061,0.0002057094249750882
BURO_CREDIT_TYPE_Loan_for_the_purchase_of_equipment_MEAN,0.005136607705987458,0.005341302902562951,0.0002046951965754924
ORGANIZATION_TYPE_Housing,0.000514048866919945,0.0007181655166306327,0.00020411664971068766
PREV_NAME_GOODS_CATEGORY_Direct_Sales_MEAN,0.001912914952432431,0.002112263550751319,0.00019934859831888816
APPROVED_AMT_DOWN_PAYMENT_MEAN,0.0006379238102616121,0.000835514194760156,0.00019759038449854388
CC_AMT_CREDIT_LIMIT_ACTUAL_VAR,0.0016002169210976443,0.001797105629782327,0.00019688870868468265
CC_AMT_TOTAL_RECEIVABLE_MAX,0.0002079267819880886,0.00040153669916137514,0.00019360991717328653
PREV_NAME_CASH_LOAN_PURPOSE_Hobby_MEAN,0.0018042168122550722,0.0019846717373025167,0.0001804549250474445
CC_NAME_CONTRACT_STATUS_Sent_proposal_SUM,0.0003485810598141386,0.0005287751677536452,0.00018019410793950657
CC_CNT_DRAWINGS_POS_CURRENT_SUM,0.0011265119637168738,0.0012754004182441697,0.0001488884545272958
ORGANIZATION_TYPE_Business_Entity_Type_3,4.4226208293612515e-05,0.0001893682838049557,0.00014514207551134318
CC_MONTHS_BALANCE_VAR,0.0022055511466531293,0.0023476246476522183,0.00014207350099908894
APPROVED_APP_CREDIT_PERC_MEAN,0.0003853945849276429,0.0005159338655845721,0.00013053928065692922
CC_NAME_CONTRACT_STATUS_Sent_proposal_MIN,8.602046701758611e-05,0.00021574152869646847,0.00012972106167888237
BURO_CREDIT_TYPE_Loan_for_working_capital_replenishment_MEAN,0.0005312718404974923,0.0006571920741491388,0.0001259202336516465
NAME_FAMILY_STATUS_Single_not_married,0.00010020944146048911,0.00021916896474202428,0.00011895952328153517
LIVINGAPARTMENTS_MODE,2.23708597206965e-05,0.00013563192496419472,0.00011326106524349821
CC_NAME_CONTRACT_STATUS_Demand_MIN,0.0015742169619097162,0.0016868630532005417,0.00011264609129082548
INSTAL_DBD_MAX,0.007925662706684109,0.008030430647338679,0.00010476794065457026
NAME_HOUSING_TYPE_House_apartment,0.03482265631319862,0.034925944422709417,0.00010328810951079626
POS_NAME_CONTRACT_STATUS_Demand_MEAN,0.0001879209712430956,0.00028787812161610806,9.995715037301245e-05
CC_NAME_CONTRACT_STATUS_Refused_VAR,7.518560187307691e-05,0.00017350735386598124,9.832175199290433e-05
PREV_CHANNEL_TYPE_Credit_and_cash_offices_MEAN,8.84124415331977e-05,0.00018291491932717515,9.450247779397745e-05
CC_CNT_DRAWINGS_POS_CURRENT_MAX,0.0007822171984115449,0.0008693193975440472,8.71021991325023e-05
CC_AMT_DRAWINGS_POS_CURRENT_MIN,0.0004790158019188861,0.0005650228383260335,8.600703640714735e-05
PREV_CHANNEL_TYPE_AP_Cash_loan_MEAN,0.0038901649261045596,0.003975870068809219,8.570514270465944e-05
CC_NAME_CONTRACT_STATUS_Approved_MEAN,0.0015918547208967667,0.0016735834754653244,8.172875456855769e-05
PREV_CHANNEL_TYPE_Channel_of_corporate_sales_MEAN,9.4870366187619e-05,0.00016940323882105336,7.453287263343437e-05
CC_AMT_RECIVABLE_MAX,8.699383653793891e-05,0.00015693914626451228,6.994530972657338e-05
PREV_NAME_YIELD_GROUP_XNA_MEAN,0.003451346046548261,0.0035179490890530963,6.66030425048353e-05
OCCUPATION_TYPE_Secretaries,0.0001753210591639378,0.00023788546692245466,6.256440775851684e-05
AMT_REQ_CREDIT_BUREAU_MON,0.0010602120685751432,0.001121798240107156,6.158617153201274e-05
CC_NAME_CONTRACT_STATUS_Demand_VAR,0.00014415799968389172,0.00020279975850697506,5.8641758823083345e-05
BURO_MONTHS_BALANCE_SIZE_MEAN,0.013245952648457224,0.013304205415299069,5.825276684184519e-05
APPROVED_RATE_DOWN_PAYMENT_MEAN,0.0008418708771551761,0.0008982354073212976,5.636453016612155e-05
BURO_AMT_ANNUITY_MEAN,4.1443456570087655e-05,9.66401689585019e-05,5.519671238841425e-05
BURO_CREDIT_DAY_OVERDUE_MAX,5.3718694198751166e-05,0.00010700929054912545,5.329059635037429e-05
NAME_TYPE_SUITE_Other_B,4.19790697761586e-05,8.623646440951274e-05,4.425739463335414e-05
BURO_AMT_CREDIT_SUM_SUM,6.971258481151708e-05,0.00011314285643398978,4.343027162247269e-05
PREV_NAME_PORTFOLIO_XNA_MEAN,0.0014368387428601104,0.0014802096062268982,4.3370863366787825e-05
INSTAL_DPD_MAX,0.0016107523818102297,0.001653183993302358,4.243161149212831e-05
BURO_DAYS_CREDIT_VAR,2.552102620391158e-05,6.358989398556906e-05,3.806886778165748e-05
BURO_AMT_CREDIT_SUM_OVERDUE_MEAN,2.1057669015701804e-05,5.638456564662209e-05,3.532689663092029e-05
CC_NAME_CONTRACT_STATUS_Refused_MIN,3.67539782212161e-05,7.149905866945231e-05,3.4745080448236214e-05
ORGANIZATION_TYPE_Realtor,0.0057489726797846944,0.005783477921161121,3.450524137642644e-05
PREV_WEEKDAY_APPR_PROCESS_START_nan_MEAN,0.0052500158951229794,0.005284392840510209,3.437694538722946e-05
ORGANIZATION_TYPE_Cleaning,2.5552545428524325e-05,5.7784977556217724e-05,3.2232432127693396e-05
BURO_STATUS_0_MEAN_MEAN,0.0002238308882542852,0.00025409564286879555,3.0264754614510344e-05
PREV_NAME_GOODS_CATEGORY_Medical_Supplies_MEAN,3.0357044249510598e-05,5.74539500464748e-05,2.70969057969642e-05
HOUSETYPE_MODE_block_of_flats,0.00011442748656388144,0.00013969185743424603,2.526437087036459e-05
PREV_NAME_PRODUCT_TYPE_XNA_MEAN,0.0019645635491752837,0.0019879439800200424,2.338043084475867e-05
CC_CNT_DRAWINGS_OTHER_CURRENT_MEAN,0.0002964046692919597,0.00031947535432074906,2.307068502878937e-05
PREV_RATE_DOWN_PAYMENT_MEAN,2.3035010022641055e-05,4.590229514836138e-05,2.2867285125720326e-05
BURO_CNT_CREDIT_PROLONG_SUM,0.0003090640246077494,0.0003298549274056331,2.0790902797883728e-05
BURO_CREDIT_DAY_OVERDUE_MEAN,4.862532843325221e-05,6.590532877272149e-05,1.728000033946928e-05
POS_NAME_CONTRACT_STATUS_Completed_MEAN,0.0003686075105707928,0.0003856098822833163,1.700237171252351e-05
BURO_DAYS_CREDIT_ENDDATE_MIN,0.0016921654069867662,0.0017079099743943279,1.5744567407561735e-05
ACTIVE_MONTHS_BALANCE_MAX_MAX,0.00010977986641766927,0.00012541759903478573,1.5637732617116467e-05
BURO_STATUS_2_MEAN_MEAN,0.008353685143988439,0.008368031255185841,1.4346111197402131e-05
FLAG_OWN_CAR,0.0018513610083656326,0.0018651435781505527,1.3782569784920144e-05
ORGANIZATION_TYPE_Other,5.251959205852726e-05,6.603123277120424e-05,1.3511640712676978e-05
ORGANIZATION_TYPE_Industry_type_8,4.807810928403445e-05,6.147189355501047e-05,1.3393784270976021e-05
PREV_CODE_REJECT_REASON_SYSTEM_MEAN,2.6235185871800937e-05,3.880693440224334e-05,1.2571748530442401e-05
ORGANIZATION_TYPE_XNA,0.00011728463273403954,0.00012949975835687785,1.2215125622838308e-05
OCCUPATION_TYPE_Sales_staff,0.0003746526340685903,0.0003866571789368904,1.2004544868300139e-05
CLOSED_AMT_CREDIT_MAX_OVERDUE_MEAN,3.6560806848966365e-05,4.83101358304288e-05,1.1749328981462432e-05
YEARS_BEGINEXPLUATATION_MODE,0.00044220372397393734,0.0004538505429120395,1.164681893810215e-05
CC_NAME_CONTRACT_STATUS_Approved_MIN,3.22498434144918e-05,4.145003532355352e-05,9.200191909061721e-06
PREV_CODE_REJECT_REASON_nan_MEAN,3.22858460962465e-05,4.050217827941575e-05,8.216332183169254e-06
CC_NAME_CONTRACT_STATUS_Active_VAR,4.787085214924969e-05,5.600692141387242e-05,8.136069264622729e-06
PREV_NAME_CASH_LOAN_PURPOSE_nan_MEAN,8.846999222282239e-06,1.62083514823749e-05,7.3613522600926616e-06
CODE_GENDER_encoded_794,0.0006476908204018219,0.0006548724164071341,7.181596005312145e-06
OCCUPATION_TYPE_Private_service_staff,0.00011896501264654982,0.00012574784535273362,6.7828327061837955e-06
PREV_PRODUCT_COMBINATION_Cash_X-Sell_middle_MEAN,0.0030286155792042828,0.0030342537641607835,5.63818495650072e-06
ENTRANCES_MODE,5.09830620700317e-06,1.042394563228632e-05,5.325639425283151e-06
PREV_NAME_GOODS_CATEGORY_Animals_MEAN,5.59577874774272e-05,6.0013253992371145e-05,4.055466514943945e-06
ORGANIZATION_TYPE_Industry_type_4,1.645248895574284e-05,2.0385958491500452e-05,3.933469535757613e-06
PREV_NAME_GOODS_CATEGORY_Construction_Materials_MEAN,0.001399737651860216,0.0014030972088926905,3.3595570324744875e-06
PREV_CODE_REJECT_REASON_LIMIT_MEAN,0.00011923509821152112,0.00012247776682993848,3.2426686184173668e-06
PREV_APP_CREDIT_PERC_VAR,0.001013327753114941,0.0010163128261474678,2.9850730325269113e-06
PREV_CODE_REJECT_REASON_SCO_MEAN,2.3809604679439748e-05,2.585704222762707e-05,2.047437548187321e-06
WEEKDAY_APPR_PROCESS_START_TUESDAY,1.883199438235656e-05,2.028749999979026e-05,1.4555056174336997e-06
ORGANIZATION_TYPE_Postal,1.5831342783703797e-05,1.7240334838204524e-05,1.4089920545007267e-06
NAME_FAMILY_STATUS_Civil_marriage,2.9877801531196272e-05,3.1254275559209906e-05,1.3764740280136344e-06
PREV_NAME_GOODS_CATEGORY_Clothing_and_Accessories_MEAN,0.0,0.0,0.0
PREV_NAME_CLIENT_TYPE_nan_MEAN,0.0,0.0,0.0
PREV_PRODUCT_COMBINATION_Cash_MEAN,0.0,0.0,0.0
ORGANIZATION_TYPE_Trade_type_6,0.0,0.0,0.0
ORGANIZATION_TYPE_Trade_type_7,0.0,0.0,0.0
PREV_PRODUCT_COMBINATION_Card_Street_MEAN,0.0,0.0,0.0
PREV_PRODUCT_COMBINATION_POS_household_with_interest_MEAN,0.0,0.0,0.0
CC_NAME_CONTRACT_STATUS_Active_MEAN,0.0,0.0,0.0
PREV_NAME_YIELD_GROUP_low_action_MEAN,0.0,0.0,0.0
OWN_CAR_AGE,0.0,0.0,0.0
ORGANIZATION_TYPE_Industry_type_2,0.0,0.0,0.0
DAYS_ID_PUBLISH,0.0,0.0,0.0
DAYS_EMPLOYED,0.0,0.0,0.0
PREV_NAME_SELLER_INDUSTRY_MLM_partners_MEAN,0.0,0.0,0.0
PREV_PRODUCT_COMBINATION_nan_MEAN,0.0,0.0,0.0
PREV_NAME_SELLER_INDUSTRY_Industry_MEAN,0.0,0.0,0.0
ORGANIZATION_TYPE_Services,0.0,0.0,0.0
PREV_NAME_GOODS_CATEGORY_Computers_MEAN,0.0,0.0,0.0
ORGANIZATION_TYPE_Trade_type_3,0.0,0.0,0.0
ORGANIZATION_TYPE_Security_Ministries,0.0,0.0,0.0
ORGANIZATION_TYPE_School,0.0,0.0,0.0
ORGANIZATION_TYPE_Restaurant,0.0,0.0,0.0
ORGANIZATION_TYPE_Religion,0.0,0.0,0.0
PREV_NAME_GOODS_CATEGORY_House_Construction_MEAN,0.0,0.0,0.0
PREV_NAME_GOODS_CATEGORY_Fitness_MEAN,0.0,0.0,0.0
PREV_NAME_GOODS_CATEGORY_XNA_MEAN,0.0,0.0,0.0
PREV_NAME_GOODS_CATEGORY_nan_MEAN,0.0,0.0,0.0
ORGANIZATION_TYPE_Trade_type_2,0.0,0.0,0.0
PREV_NAME_PORTFOLIO_Cards_MEAN,0.0,0.0,0.0
CC_NAME_CONTRACT_STATUS_Active_MAX,0.0,0.0,0.0
PREV_NAME_SELLER_INDUSTRY_Consumer_electronics_MEAN,0.0,0.0,0.0
ORGANIZATION_TYPE_Trade_type_4,0.0,0.0,0.0
PREV_NAME_PRODUCT_TYPE_x-sell_MEAN,0.0,0.0,0.0
PREV_NAME_PRODUCT_TYPE_nan_MEAN,0.0,0.0,0.0
ORGANIZATION_TYPE_Military,0.0,0.0,0.0
PREV_CHANNEL_TYPE_Car_dealer_MEAN,0.0,0.0,0.0
ORGANIZATION_TYPE_Medicine,0.0,0.0,0.0
PREV_CHANNEL_TYPE_Contact_center_MEAN,0.0,0.0,0.0
PREV_CHANNEL_TYPE_Country-wide_MEAN,0.0,0.0,0.0
ORGANIZATION_TYPE_Telecom,0.0,0.0,0.0
DAYS_REGISTRATION,0.0,0.0,0.0
APPROVED_AMT_ANNUITY_MAX,0.0,0.0,0.0
ACTIVE_CREDIT_DAY_OVERDUE_MEAN,0.0,0.0,0.0
APPROVED_AMT_APPLICATION_MIN,0.0,0.0,0.0
NAME_TYPE_SUITE_Other_A,0.0,0.0,0.0
NAME_EDUCATION_TYPE_Lower_secondary,0.0,0.0,0.0
NAME_EDUCATION_TYPE_Higher_education,0.0,0.0,0.0
NAME_INCOME_TYPE_Working,0.0,0.0,0.0
NAME_INCOME_TYPE_Unemployed,0.0,0.0,0.0
NAME_INCOME_TYPE_State_servant,0.0,0.0,0.0
NAME_INCOME_TYPE_Maternity_leave,0.0,0.0,0.0
HOUR_APPR_PROCESS_START,0.0,0.0,0.0
CC_CNT_DRAWINGS_CURRENT_MAX,0.0,0.0,0.0
NAME_INCOME_TYPE_Commercial_associate,0.0,0.0,0.0
REG_REGION_NOT_LIVE_REGION,0.0,0.0,0.0
REG_REGION_NOT_WORK_REGION,0.0,0.0,0.0
LIVE_REGION_NOT_WORK_REGION,0.0,0.0,0.0
NAME_TYPE_SUITE_Unaccompanied,0.0,0.0,0.0
NAME_TYPE_SUITE_Group_of_people,0.0,0.0,0.0
NAME_HOUSING_TYPE_Municipal_apartment,0.0,0.0,0.0
REG_CITY_NOT_LIVE_CITY,0.0,0.0,0.0
REG_CITY_NOT_WORK_CITY,0.0,0.0,0.0
INSTAL_AMT_INSTALMENT_SUM,0.0,0.0,0.0
INSTAL_AMT_PAYMENT_MAX,0.0,0.0,0.0
INSTAL_DAYS_ENTRY_PAYMENT_SUM,0.0,0.0,0.0
INSTAL_COUNT,0.0,0.0,0.0
CC_MONTHS_BALANCE_MIN,0.0,0.0,0.0
FLAG_DOCUMENT_20,0.0,0.0,0.0
FLAG_DOCUMENT_17,0.0,0.0,0.0
CC_AMT_RECEIVABLE_PRINCIPAL_MAX,0.0,0.0,0.0
LIVINGAPARTMENTS_AVG,0.0,0.0,0.0
FLOORSMIN_MODE,0.0,0.0,0.0
CC_AMT_DRAWINGS_OTHER_CURRENT_MEAN,0.0,0.0,0.0
NAME_EDUCATION_TYPE_Secondary_secondary_special,0.0,0.0,0.0
NAME_HOUSING_TYPE_Rented_apartment,0.0,0.0,0.0
ORGANIZATION_TYPE_Industry_type_12,0.0,0.0,0.0
APPROVED_DAYS_DECISION_MEAN,0.0,0.0,0.0
ORGANIZATION_TYPE_Industry_type_11,0.0,0.0,0.0
FLAG_MOBIL,0.0,0.0,0.0
FLAG_EMP_PHONE,0.0,0.0,0.0
FLAG_WORK_PHONE,0.0,0.0,0.0
APPROVED_APP_CREDIT_PERC_MIN,0.0,0.0,0.0
PREV_NAME_TYPE_SUITE_nan_MEAN,0.0,0.0,0.0
ORGANIZATION_TYPE_Government,0.0,0.0,0.0
FLAG_CONT_MOBILE,0.0,0.0,0.0
ORGANIZATION_TYPE_Electricity,0.0,0.0,0.0
FLAG_PHONE,0.0,0.0,0.0
CC_SK_DPD_MIN,0.0,0.0,0.0
CC_CNT_INSTALMENT_MATURE_CUM_SUM,0.0,0.0,0.0
CC_CNT_INSTALMENT_MATURE_CUM_MAX,0.0,0.0,0.0
WEEKDAY_APPR_PROCESS_START_SUNDAY,0.0,0.0,0.0
NAME_HOUSING_TYPE_With_parents,0.0,0.0,0.0
WEEKDAY_APPR_PROCESS_START_MONDAY,0.0,0.0,0.0
FLAG_EMAIL,0.0,0.0,0.0
CNT_FAM_MEMBERS,0.0,0.0,0.0
OCCUPATION_TYPE_Managers,0.0,0.0,0.0
OCCUPATION_TYPE_Low-skill_Laborers,0.0,0.0,0.0
REGION_RATING_CLIENT,0.0,0.0,0.0
REGION_RATING_CLIENT_W_CITY,0.0,0.0,0.0
OCCUPATION_TYPE_IT_staff,0.0,0.0,0.0
OCCUPATION_TYPE_High_skill_tech_staff,0.0,0.0,0.0
OCCUPATION_TYPE_HR_staff,0.0,0.0,0.0
OCCUPATION_TYPE_Drivers,0.0,0.0,0.0
OCCUPATION_TYPE_Cleaning_staff,0.0,0.0,0.0
OCCUPATION_TYPE_Accountants,0.0,0.0,0.0
ORGANIZATION_TYPE_Transport_type_1,0.0,0.0,0.0
ORGANIZATION_TYPE_Mobile,0.0,0.0,0.0
CC_NAME_CONTRACT_STATUS_Demand_MAX,0.0,0.0,0.0
AMT_INCOME_TOTAL,0.0,0.0,0.0
CC_NAME_CONTRACT_STATUS_Signed_MIN,0.0,0.0,0.0
CC_NAME_CONTRACT_STATUS_Sent_proposal_VAR,0.0,0.0,0.0
PREV_APP_CREDIT_PERC_MAX,0.0,0.0,0.0
PREV_APP_CREDIT_PERC_MEAN,0.0,0.0,0.0
BURO_AMT_CREDIT_SUM_DEBT_SUM,0.0,0.0,0.0
BURO_AMT_CREDIT_SUM_DEBT_MEAN,0.0,0.0,0.0
BURO_AMT_CREDIT_SUM_MAX,0.0,0.0,0.0
BURO_AMT_CREDIT_MAX_OVERDUE_MEAN,0.0,0.0,0.0
BURO_DAYS_CREDIT_UPDATE_MEAN,0.0,0.0,0.0
CNT_CHILDREN,0.0,0.0,0.0
BURO_DAYS_CREDIT_ENDDATE_MEAN,0.0,0.0,0.0
BURO_DAYS_CREDIT_MEAN,0.0,0.0,0.0
HOUSETYPE_MODE_terraced_house,0.0,0.0,0.0
BURO_DAYS_CREDIT_MIN,0.0,0.0,0.0
PAYMENT_RATE,0.0,0.0,0.0
ANNUITY_INCOME_PERC,0.0,0.0,0.0
AMT_CREDIT,0.0,0.0,0.0
INCOME_CREDIT_PERC,0.0,0.0,0.0
AMT_ANNUITY,0.0,0.0,0.0
DAYS_EMPLOYED_PERC,0.0,0.0,0.0
EMERGENCYSTATE_MODE_No,0.0,0.0,0.0
AMT_GOODS_PRICE,0.0,0.0,0.0
CC_NAME_CONTRACT_STATUS_Refused_MEAN,0.0,0.0,0.0
WALLSMATERIAL_MODE_Monolithic,0.0,0.0,0.0
CC_NAME_CONTRACT_STATUS_Signed_MAX,0.0,0.0,0.0
CC_NAME_CONTRACT_STATUS_nan_MIN,0.0,0.0,0.0
CC_NAME_CONTRACT_STATUS_nan_MAX,0.0,0.0,0.0
CC_NAME_CONTRACT_STATUS_nan_MEAN,0.0,0.0,0.0
ACTIVE_AMT_CREDIT_MAX_OVERDUE_MEAN,0.0,0.0,0.0
ACTIVE_AMT_CREDIT_SUM_MAX,0.0,0.0,0.0
ACTIVE_AMT_CREDIT_SUM_MEAN,0.0,0.0,0.0
REGION_POPULATION_RELATIVE_encoded_802,0.0,0.0,0.0
ACTIVE_AMT_CREDIT_SUM_DEBT_MEAN,0.0,0.0,0.0
AMT_GOODS_PRICE_encoded_801,0.0,0.0,0.0
ACTIVE_AMT_CREDIT_SUM_OVERDUE_MEAN,0.0,0.0,0.0
ACTIVE_AMT_CREDIT_SUM_LIMIT_MEAN,0.0,0.0,0.0
ACTIVE_AMT_CREDIT_SUM_LIMIT_SUM,0.0,0.0,0.0
ACTIVE_DAYS_CREDIT_ENDDATE_MEAN,0.0,0.0,0.0
AMT_ANNUITY_encoded_800,0.0,0.0,0.0
CLOSED_DAYS_CREDIT_MAX,0.0,0.0,0.0
ACTIVE_DAYS_CREDIT_VAR,0.0,0.0,0.0
ACTIVE_DAYS_CREDIT_MEAN,0.0,0.0,0.0
AMT_INCOME_TOTAL_encoded_798,0.0,0.0,0.0
BURO_STATUS_X_MEAN_MEAN,0.0,0.0,0.0
CLOSED_AMT_CREDIT_SUM_MAX,0.0,0.0,0.0
FLAG_OWN_REALTY_encoded_796,0.0,0.0,0.0
BURO_STATUS_4_MEAN_MEAN,0.0,0.0,0.0
FLAG_OWN_CAR_encoded_795,0.0,0.0,0.0
CC_COUNT,0.0,0.0,0.0
CC_NAME_CONTRACT_STATUS_nan_VAR,0.0,0.0,0.0
CC_NAME_CONTRACT_STATUS_nan_SUM,0.0,0.0,0.0
WALLSMATERIAL_MODE_Mixed,0.0,0.0,0.0
BURO_AMT_CREDIT_SUM_DEBT_MAX,0.0,0.0,0.0
PREV_CODE_REJECT_REASON_SCOFR_MEAN,0.0,0.0,0.0
CC_NAME_CONTRACT_STATUS_Refused_MAX,0.0,0.0,0.0
PREV_NAME_PAYMENT_TYPE_Cashless_from_the_account_of_the_employer_MEAN,0.0,0.0,0.0
PREV_NAME_CASH_LOAN_PURPOSE_XNA_MEAN,0.0,0.0,0.0
CC_NAME_CONTRACT_STATUS_Demand_MEAN,0.0,0.0,0.0
ORGANIZATION_TYPE_University,0.0,0.0,0.0
PREV_NAME_CONTRACT_STATUS_Approved_MEAN,0.0,0.0,0.0
PREV_CODE_REJECT_REASON_CLIENT_MEAN,0.0,0.0,0.0
PREV_NAME_CONTRACT_STATUS_nan_MEAN,0.0,0.0,0.0
ORGANIZATION_TYPE_Transport_type_2,0.0,0.0,0.0
DAYS_BIRTH,0.0,0.0,0.0
PREV_NAME_CASH_LOAN_PURPOSE_Money_for_a_third_person_MEAN,0.0,0.0,0.0
PREV_NAME_TYPE_SUITE_Other_B_MEAN,0.0,0.0,0.0
REGION_POPULATION_RELATIVE,0.0,0.0,0.0
PREV_CODE_REJECT_REASON_XAP_MEAN,0.0,0.0,0.0
ORGANIZATION_TYPE_Transport_type_3,0.0,0.0,0.0
PREV_NAME_CASH_LOAN_PURPOSE_Other_MEAN,0.0,0.0,0.0
PREV_NAME_TYPE_SUITE_Children_MEAN,0.0,0.0,0.0
PREV_NAME_TYPE_SUITE_Family_MEAN,0.0,0.0,0.0
PREV_NAME_CONTRACT_STATUS_Canceled_MEAN,0.0,0.0,0.0
CC_SK_DPD_MAX,1.1634832787819674e-05,1.1395554269971578e-05,-2.3927851784809627e-07
ACTIVE_AMT_CREDIT_SUM_SUM,1.196846785047852e-05,1.1432159328333503e-05,-5.363085221450176e-07
PREV_NAME_PAYMENT_TYPE_Cash_through_the_bank_MEAN,6.71018924753238e-06,5.536776454497337e-06,-1.1734127930350432e-06
NONLIVINGAREA_AVG,4.315241984638858e-05,4.162473125648035e-05,-1.5276885899082317e-06
PREV_NAME_PRODUCT_TYPE_walk-in_MEAN,9.287323130534845e-05,9.128308966666672e-05,-1.5901416386817301e-06
PREV_NAME_SELLER_INDUSTRY_XNA_MEAN,4.199871540910277e-05,3.944932823287911e-05,-2.549387176223657e-06
ORGANIZATION_TYPE_Self-employed,1.1174638541472944e-05,8.5944825848873e-06,-2.580155956585644e-06
ACTIVE_DAYS_CREDIT_MAX,6.302452470170981e-05,6.039295715672196e-05,-2.631567544987856e-06
CC_AMT_PAYMENT_CURRENT_MAX,3.9706919146633996e-05,3.677125875253397e-05,-2.935660394100026e-06
FONDKAPREMONT_MODE_reg_oper_spec_account,1.0227403959409538e-05,7.178035079943336e-06,-3.049368879466202e-06
WALLSMATERIAL_MODE_Panel,8.750549809964728e-06,4.4197845294171744e-06,-4.330765280547554e-06
PREV_NAME_PORTFOLIO_Cash_MEAN,4.203030743614973e-05,3.668043935787582e-05,-5.349868078273908e-06
CC_SK_DPD_DEF_MAX,4.916351964907115e-05,4.339736612623258e-05,-5.766153522838572e-06
ACTIVE_DAYS_CREDIT_MIN,1.3887057525657629e-05,7.548873684609866e-06,-6.338183841047763e-06
ACTIVE_MONTHS_BALANCE_MIN_MIN,0.00012712413247161075,0.0001207530272899833,-6.371105181627443e-06
EMERGENCYSTATE_MODE_Yes,9.792922514310555e-05,9.099703285326477e-05,-6.9321922898407824e-06
EXT_SOURCE_2,0.00012441317188269908,0.00011725474386596474,-7.158428016734334e-06
BURO_AMT_CREDIT_SUM_MEAN,3.775605768259483e-05,2.9797691254436737e-05,-7.95836642815809e-06
BURO_DAYS_CREDIT_MAX,0.0001541398782167219,0.00014613843671957685,-8.001441497145043e-06
PREV_CODE_REJECT_REASON_VERIF_MEAN,9.85336098522789e-05,9.010526464640102e-05,-8.428345205877888e-06
PREV_HOUR_APPR_PROCESS_START_MIN,0.00012364718100527024,0.00011311311141800038,-1.0534069587269857e-05
ORGANIZATION_TYPE_Trade_type_1,6.911971861518759e-05,5.8207322819975084e-05,-1.0912395795212509e-05
PREV_HOUR_APPR_PROCESS_START_MEAN,7.073613983906187e-05,5.974907887259612e-05,-1.0987060966465757e-05
CC_AMT_RECEIVABLE_PRINCIPAL_VAR,1.467207082162041e-05,3.5304781313433824e-06,-1.1141592690277027e-05
LIVINGAREA_MODE,3.9787572925286786e-05,2.8162199703944857e-05,-1.1625373221341928e-05
ORGANIZATION_TYPE_Business_Entity_Type_1,3.498091782389703e-05,2.2941386026483565e-05,-1.2039531797413466e-05
AMT_CREDIT_encoded_799,2.6762195139716678e-05,1.4652872197751837e-05,-1.210932294196484e-05
PREV_NAME_CONTRACT_TYPE_Revolving_loans_MEAN,0.001167190107954382,0.0011550220156845467,-1.2168092269835337e-05
ORGANIZATION_TYPE_Legal_Services,2.4557222033872678e-05,1.2281031765145557e-05,-1.227619026872712e-05
POS_SK_DPD_MAX,6.670631167623489e-05,5.3898216361033e-05,-1.2808095315201895e-05
FLAG_OWN_REALTY,0.0020149386241591176,0.0020017510448758,-1.3187579283317503e-05
PREV_NAME_GOODS_CATEGORY_Weapon_MEAN,3.2013865845925055e-05,1.869884040006643e-05,-1.3315025445858623e-05
NAME_TYPE_SUITE_Spouse_partner,9.320496115154239e-05,7.960922692160168e-05,-1.3595734229940703e-05
CNT_CHILDREN_encoded_797,6.048369417068277e-05,4.519911943232733e-05,-1.5284574738355444e-05
OCCUPATION_TYPE_Core_staff,3.46915378349502e-05,1.922310232921066e-05,-1.546843550573954e-05
CC_NAME_CONTRACT_STATUS_Approved_SUM,0.00042357810168120786,0.00040729915398473687,-1.627894769647099e-05
INCOME_PER_PERSON,8.895386384822508e-05,7.131810824530401e-05,-1.763575560292107e-05
INSTAL_AMT_PAYMENT_SUM,5.6095873330531825e-05,3.824798145913698e-05,-1.7847891871394846e-05
APPROVED_AMT_ANNUITY_MIN,2.4730771979053187e-05,6.8348920114123106e-06,-1.7895879967640876e-05
PREV_NAME_CONTRACT_STATUS_Refused_MEAN,4.3680503216385094e-05,2.5436287482680814e-05,-1.824421573370428e-05
TOTALAREA_MODE,0.0014390449967012805,0.001418613809332345,-2.043118736893548e-05
WALLSMATERIAL_MODE_Block,0.0001990275454972792,0.0001775832350348632,-2.1444310462415996e-05
CC_CNT_INSTALMENT_MATURE_CUM_MEAN,0.0005726150734538469,0.0005507218205796129,-2.1893252874233965e-05
PREV_NAME_CASH_LOAN_PURPOSE_Buying_a_home_MEAN,0.007742971759327657,0.007720702941463377,-2.226881786427954e-05
BURO_CREDIT_TYPE_Car_loan_MEAN,3.727415071512593e-05,1.4740688263707941e-05,-2.253346245141799e-05
NAME_INCOME_TYPE_Student,0.0004265131859521498,0.0004032403359950472,-2.32728499571026e-05
PREV_NAME_CONTRACT_STATUS_Unused_offer_MEAN,7.726359003041214e-05,5.275245061724255e-05,-2.451113941316959e-05
BURO_CREDIT_TYPE_Another_type_of_loan_MEAN,0.00020547904232599265,0.00017879804743219818,-2.6680994893794473e-05
ACTIVE_MONTHS_BALANCE_SIZE_MEAN,0.0001447120171947038,0.00011701248252297887,-2.7699534671724924e-05
PREV_CHANNEL_TYPE_Regional_Local_MEAN,8.603937838683319e-05,5.663068888460929e-05,-2.94086895022239e-05
ORGANIZATION_TYPE_Security,4.5891767653547904e-05,1.3649891369165866e-05,-3.224187628438204e-05
FLAG_DOCUMENT_5,6.017763214797936e-05,2.7345665473177096e-05,-3.283196667480226e-05
ORGANIZATION_TYPE_Kindergarten,7.734140851483745e-05,4.141953385206399e-05,-3.592187466277346e-05
BURO_DAYS_CREDIT_ENDDATE_MAX,8.321974814319883e-05,4.667183516967132e-05,-3.654791297352751e-05
PREV_NAME_PAYMENT_TYPE_Non-cash_from_your_account_MEAN,0.00011727919142834629,8.038320114750247e-05,-3.689599028084382e-05
PREV_NAME_PAYMENT_TYPE_nan_MEAN,3.983249480453877e-05,1.9244395602831446e-06,-3.7908055244255626e-05
PREV_NAME_SELLER_INDUSTRY_Auto_technology_MEAN,0.00013322004004942377,9.304875958326356e-05,-4.01712804661602e-05
CLOSED_DAYS_CREDIT_UPDATE_MEAN,0.02380994158683481,0.023769713043995805,-4.0228542839006176e-05
CC_NAME_CONTRACT_STATUS_Signed_VAR,0.0001147360693453849,7.228217942661144e-05,-4.245388991877346e-05
BURO_AMT_CREDIT_SUM_LIMIT_MEAN,8.152496076491424e-05,3.84124352621113e-05,-4.3112525502802945e-05
PREV_NAME_CASH_LOAN_PURPOSE_Refusal_to_name_the_goal_MEAN,0.001192371440837732,0.0011488760433205247,-4.349539751720725e-05
EXT_SOURCE_3,0.00015661839830965628,0.00011265039928863647,-4.396799902101981e-05
PREV_HOUR_APPR_PROCESS_START_MAX,0.00017835018643624266,0.0001341900212508002,-4.416016518544246e-05
FLAG_DOCUMENT_2,0.00016895884358285028,0.0001237352871304766,-4.522355645237368e-05
ORGANIZATION_TYPE_Industry_type_7,0.0024935128395625495,0.0024475872438218835,-4.5925595740666045e-05
APPROVED_APP_CREDIT_PERC_VAR,0.0007836465153188176,0.0007343239851362621,-4.932253018255549e-05
PREV_NAME_SELLER_INDUSTRY_Furniture_MEAN,0.00017532143210041302,0.0001250544483206076,-5.026698377980543e-05
ORGANIZATION_TYPE_Industry_type_9,0.00011568340048627897,6.291472235372973e-05,-5.276867813254924e-05
PREV_DAYS_DECISION_MAX,0.0001179803675462271,6.435212753482441e-05,-5.362824001140269e-05
PREV_PRODUCT_COMBINATION_POS_household_without_interest_MEAN,0.0001301845477265942,7.153589047480252e-05,-5.8648657251791686e-05
WALLSMATERIAL_MODE_Stone_brick,0.00018709745828365912,0.00012587834667323456,-6.121911161042457e-05
PREV_NAME_GOODS_CATEGORY_Auto_Accessories_MEAN,0.0022691128722479915,0.0022075451073507125,-6.156776489727898e-05
INSTAL_PAYMENT_DIFF_MEAN,0.00041422153232852164,0.0003510896465011335,-6.313188582738813e-05
PREV_NAME_GOODS_CATEGORY_Homewares_MEAN,0.00012813087026751003,6.36329151051698e-05,-6.449795516234023e-05
AMT_REQ_CREDIT_BUREAU_YEAR,0.001474630142574258,0.0014040386161977645,-7.059152637649345e-05
INSTAL_AMT_PAYMENT_MIN,0.00018416711385591626,0.00011202292969098093,-7.214418416493533e-05
FLOORSMAX_MODE,0.00014128501882698319,6.827091568684617e-05,-7.301410314013702e-05
PREV_CHANNEL_TYPE_Stone_MEAN,0.0003916243992912772,0.0003182636393533414,-7.336075993793578e-05
BURO_CREDIT_TYPE_Real_estate_loan_MEAN,0.0025616253853514683,0.002488206244403997,-7.341914094747149e-05
PREV_AMT_CREDIT_MAX,0.0242472543428427,0.02416803342634024,-7.92209165024621e-05
FLAG_DOCUMENT_11,0.000834123387280035,0.0007538971670371458,-8.022622024288911e-05
ACTIVE_CNT_CREDIT_PROLONG_SUM,0.000227450862163185,0.00014697766136886913,-8.047320079431587e-05
CC_AMT_RECIVABLE_MIN,0.00035496060874223894,0.0002744103499013325,-8.055025884090642e-05
OCCUPATION_TYPE_Waiters_barmen_staff,0.00010261941090860815,2.1737396686725117e-05,-8.088201422188303e-05
CC_NAME_CONTRACT_STATUS_Signed_SUM,0.00042702207089696353,0.00034523307523903984,-8.178899565792369e-05
ORGANIZATION_TYPE_Advertising,0.0001972987251608231,0.000114949879016349,-8.23488461444741e-05
PREV_NAME_GOODS_CATEGORY_Furniture_MEAN,0.00013039203888419765,4.529590618485321e-05,-8.509613269934445e-05
BURO_AMT_ANNUITY_MAX,0.00012353264902645244,3.7122454483385104e-05,-8.641019454306733e-05
PREV_CODE_REJECT_REASON_HC_MEAN,0.00010110750941082428,1.3816311514198747e-05,-8.729119789662553e-05
PREV_NAME_PAYMENT_TYPE_XNA_MEAN,0.00012809926444605057,4.021701486459501e-05,-8.788224958145556e-05
PREV_NAME_TYPE_SUITE_Spouse_partner_MEAN,0.0004218570055688432,0.0003336391397219975,-8.821786584684574e-05
ORGANIZATION_TYPE_Industry_type_3,0.0001444938226582505,4.8531383361810104e-05,-9.59624392964404e-05
NAME_FAMILY_STATUS_Married,0.00022383014320574758,0.00012222633135154453,-0.00010160381185420306
WEEKDAY_APPR_PROCESS_START_THURSDAY,0.00018294888087032218,7.517246446127365e-05,-0.00010777641640904854
PREV_CHANNEL_TYPE_nan_MEAN,0.0008562139056188827,0.0007480103066419498,-0.0001082035989769329
CC_CNT_INSTALMENT_MATURE_CUM_MIN,0.0002804215635734413,0.0001719951174342968,-0.00010842644613914452
PREV_NAME_YIELD_GROUP_nan_MEAN,0.002326076628024093,0.002216034228358831,-0.00011004239966526212
FONDKAPREMONT_MODE_org_spec_account,0.00018230062779356706,6.974135514705182e-05,-0.00011255927264651525
CC_NAME_CONTRACT_STATUS_Signed_MEAN,0.00022363891024407043,0.00010809573658007814,-0.00011554317366399229
ORGANIZATION_TYPE_Trade_type_5,0.0002688323987324916,0.00015282848579384009,-0.00011600391293865154
CC_AMT_RECEIVABLE_PRINCIPAL_SUM,0.00017895736920700285,5.8651681522005644e-05,-0.00012030568768499721
REFUSED_RATE_DOWN_PAYMENT_MIN,0.002430927871373674,0.0023034067700727777,-0.0001275211013008963
CC_AMT_TOTAL_RECEIVABLE_MEAN,0.0012482428483314334,0.0011178586515701403,-0.00013038419676129312
PREV_NAME_GOODS_CATEGORY_Mobile_MEAN,0.0003668193820528164,0.00023099515622985664,-0.00013582422582295977
ORGANIZATION_TYPE_Industry_type_5,0.0007614694616365855,0.0006216162483335965,-0.000139853213302989
OBS_60_CNT_SOCIAL_CIRCLE,0.010434765649207582,0.01029337708084494,-0.00014138856836264264
CC_AMT_PAYMENT_CURRENT_MIN,0.000631725702027293,0.0004889981888348719,-0.0001427275131924211
NAME_EDUCATION_TYPE_Academic_degree,0.0007197622319761982,0.0005669059119045479,-0.00015285632007165032
CC_NAME_CONTRACT_STATUS_Active_SUM,0.00027880593705890684,0.0001229073172266783,-0.00015589861983222853
PREV_NAME_PORTFOLIO_nan_MEAN,0.0012115928739894757,0.0010512475112921845,-0.00016034536269729114
CC_CNT_DRAWINGS_POS_CURRENT_MEAN,0.0014023346952442397,0.0012371457916179063,-0.0001651889036263334
INSTAL_DPD_SUM,0.0002350645067936798,6.327874008555764e-05,-0.00017178576670812216
CC_AMT_RECIVABLE_VAR,0.0002116154478748792,3.948949216269471e-05,-0.0001721259557121845
CC_CNT_DRAWINGS_OTHER_CURRENT_MAX,0.00044608117668089206,0.0002729660167570569,-0.00017311515992383513
CC_CNT_DRAWINGS_OTHER_CURRENT_MIN,0.001950022212010626,0.001775097239243679,-0.00017492497276694698
PREV_PRODUCT_COMBINATION_POS_mobile_with_interest_MEAN,0.0009714503768679822,0.0007839405504845734,-0.00018750982638340884
NAME_HOUSING_TYPE_Office_apartment,0.0002828502228669849,8.252684974966724e-05,-0.00020032337311731767
INSTAL_DAYS_ENTRY_PAYMENT_MAX,0.001252886405002253,0.0010515697562737676,-0.00020131664872848542
WEEKDAY_APPR_PROCESS_START_WEDNESDAY,0.0003315749657271066,0.0001299768080459267,-0.00020159815768117987
CC_NAME_CONTRACT_STATUS_Approved_VAR,0.0006588295900725982,0.0004429849604205553,-0.00021584462965204288
NAME_FAMILY_STATUS_Separated,0.0004794536656263942,0.00025603384082604927,-0.00022341982480034492
CC_NAME_CONTRACT_STATUS_Demand_SUM,0.000531794111592807,0.0003060572976431055,-0.00022573681394970146
PREV_NAME_CASH_LOAN_PURPOSE_Journey_MEAN,0.0007435162005204016,0.0005098188411230022,-0.00023369735939739937
PREV_NAME_GOODS_CATEGORY_Audio_Video_MEAN,0.00031607164519356287,8.017145298379662e-05,-0.00023590019220976627
ENTRANCES_MEDI,0.001472383204097868,0.0012266770113902941,-0.0002457061927075739
CC_AMT_PAYMENT_TOTAL_CURRENT_MAX,0.0002906972428846695,1.3637916169849644e-05,-0.0002770593267148198
CC_NAME_CONTRACT_STATUS_Completed_MAX,0.00033892552306427035,5.648301300015559e-05,-0.00028244251006411474
CLOSED_DAYS_CREDIT_MIN,0.005288788401337489,0.005002087317357202,-0.00028670108398028745
CC_AMT_TOTAL_RECEIVABLE_MIN,0.0003623643995192649,7.360579941480575e-05,-0.00028875860010445914
INSTAL_PAYMENT_PERC_MAX,0.0019300495652175887,0.0016276665751446748,-0.00030238299007291397
PREV_PRODUCT_COMBINATION_POS_industry_with_interest_MEAN,0.0005402154931726473,0.0002291075318867071,-0.0003111079612859402
CC_CNT_DRAWINGS_ATM_CURRENT_MIN,0.0010174330854387055,0.0007018270929818382,-0.0003156059924568673
PREV_NAME_PORTFOLIO_Cars_MEAN,0.0018615408589750767,0.0015445311048998278,-0.0003170097540752489
CC_AMT_RECIVABLE_SUM,0.0006660586506574618,0.00034799772788855565,-0.00031806092276890615
CC_AMT_PAYMENT_CURRENT_SUM,0.004957176492933475,0.004617458401143882,-0.0003397180917895934
INSTAL_AMT_PAYMENT_MEAN,0.003552630694567545,0.003193636514378732,-0.00035899418018881316
CLOSED_MONTHS_BALANCE_MAX_MAX,0.0006074815064225143,0.00024555969347186734,-0.0003619218129506469
FLAG_DOCUMENT_6,0.0005370574801838332,0.0001741515412505535,-0.0003629059389332797
PREV_PRODUCT_COMBINATION_POS_other_with_interest_MEAN,0.0019772540204286418,0.001606630589679604,-0.00037062343074903783
CC_CNT_DRAWINGS_ATM_CURRENT_MAX,0.0005437462769556391,0.00017245276124039905,-0.00037129351571524
APPROVED_APP_CREDIT_PERC_MAX,0.0007042021041147769,0.0003270326379655378,-0.0003771694661492391
REFUSED_AMT_APPLICATION_MEAN,0.0031892693946499054,0.0028058576921534085,-0.0003834117024964969
PREV_NAME_TYPE_SUITE_Other_A_MEAN,0.0008526691579317304,0.00045505923662226427,-0.00039760992130946616
REFUSED_HOUR_APPR_PROCESS_START_MEAN,0.0019198305725682359,0.0015183687427415744,-0.00040146182982666147
INSTAL_PAYMENT_DIFF_SUM,0.001163905612184851,0.0007478645174267824,-0.0004160410947580686
INSTAL_NUM_INSTALMENT_VERSION_NUNIQUE,0.0059591601890821525,0.00553766150892472,-0.0004214986801574323
CC_SK_DPD_VAR,0.011713196850886105,0.011291381002135534,-0.00042181584875057056
PREV_PRODUCT_COMBINATION_POS_industry_without_interest_MEAN,0.0023542886575713823,0.0019172692629058636,-0.00043701939466551866
CODE_GENDER,0.016498987092786976,0.01604952099414233,-0.00044946609864464707
BURO_CREDIT_TYPE_Unknown_type_of_loan_MEAN,0.0004974271112884722,3.9194407030430856e-05,-0.00045823270425804136
CC_NAME_CONTRACT_STATUS_Completed_MIN,0.0015848837368565183,0.0011256960842583707,-0.0004591876525981476
CC_AMT_RECEIVABLE_PRINCIPAL_MEAN,0.000787392836680164,0.0003260623733752048,-0.0004613304633049592
PREV_CNT_PAYMENT_MEAN,0.0031870266998817415,0.0027183371001464366,-0.0004686895997353048
CC_CNT_DRAWINGS_CURRENT_MEAN,0.004841206325580633,0.004360450268413346,-0.00048075605716728625
CC_CNT_INSTALMENT_MATURE_CUM_VAR,0.0016135546311166601,0.0011320743597851176,-0.0004814802713315426
PREV_NAME_YIELD_GROUP_low_normal_MEAN,0.002392464780896773,0.0019080574254776907,-0.00048440735541908225
CC_NAME_CONTRACT_STATUS_Completed_SUM,0.0012631748652988707,0.0007708354678283884,-0.0004923393974704823
CC_AMT_RECIVABLE_MEAN,0.0011557109563918578,0.0006545858313725148,-0.0005011251250193429
CC_AMT_RECEIVABLE_PRINCIPAL_MIN,0.004895100124940722,0.0043799632004758934,-0.0005151369244648287
PREV_NAME_SELLER_INDUSTRY_Clothing_MEAN,0.0005255526410491042,7.664235622999935e-06,-0.0005178884054261042
PREV_NAME_SELLER_INDUSTRY_Construction_MEAN,0.0008607447853367279,0.00034053430728328197,-0.0005202104780534459
CLOSED_CREDIT_DAY_OVERDUE_MAX,0.045583954797975515,0.045048749144817164,-0.0005352056531583507
PREV_NAME_TYPE_SUITE_Unaccompanied_MEAN,0.0009852952159263568,0.00043722673401171353,-0.0005480684819146433
POS_MONTHS_BALANCE_SIZE,0.0013370388657696025,0.0007730726166689764,-0.0005639662491006261
CC_AMT_PAYMENT_TOTAL_CURRENT_MEAN,0.0035961174795306142,0.003028356710676023,-0.0005677607688545912
PREV_NAME_SELLER_INDUSTRY_Jewelry_MEAN,0.0012913966502703465,0.0007211631735005649,-0.0005702334767697816
APPROVED_RATE_DOWN_PAYMENT_MIN,0.001255160795556003,0.0006784806316867512,-0.0005766801638692518
CC_CNT_DRAWINGS_OTHER_CURRENT_SUM,0.0013433717682781333,0.0007451118309630865,-0.0005982599373150467
FLOORSMIN_MEDI,0.003595748836383288,0.0029564896193597667,-0.0006392592170235212
OCCUPATION_TYPE_Laborers,0.007134116453501735,0.006489912250144318,-0.0006442042033574166
CC_CNT_DRAWINGS_POS_CURRENT_MIN,0.0029117192269449495,0.0022610897890408,-0.0006506294379041494
CC_AMT_PAYMENT_TOTAL_CURRENT_VAR,0.001534231942446512,0.0008371186210192901,-0.0006971133214272218
PREV_AMT_ANNUITY_MAX,0.001251635178995549,0.0005494876019275552,-0.0007021475770679937
ACTIVE_DAYS_CREDIT_ENDDATE_MIN,0.0009116499176086231,0.00016637224586665643,-0.0007452776717419667
AMT_REQ_CREDIT_BUREAU_WEEK,0.0009630626922510171,0.0002114855265360559,-0.0007515771657149612
CC_AMT_INST_MIN_REGULARITY_MAX,0.0019578061925465103,0.0011965590612871505,-0.0007612471312593598
CC_AMT_DRAWINGS_POS_CURRENT_MAX,0.0037973691467392398,0.003026957428577761,-0.0007704117181614786
CC_CNT_DRAWINGS_ATM_CURRENT_SUM,0.012253220255931912,0.011468180498759218,-0.0007850397571726939
ORGANIZATION_TYPE_Industry_type_10,0.0008889012054894683,9.708617136916255e-05,-0.0007918150341203057
INSTAL_DPD_MEAN,0.0017579616470744968,0.0009030685659081481,-0.0008548930811663487
FLAG_DOCUMENT_16,0.0017556162816168813,0.0008705449643778423,-0.0008850713172390389
PREV_NAME_CONTRACT_TYPE_XNA_MEAN,0.004303867077372811,0.0034118338643281954,-0.0008920332130446153
ORGANIZATION_TYPE_Insurance,0.01110941638138371,0.010204223783005778,-0.0009051925983779314
PREV_FLAG_LAST_APPL_PER_CONTRACT_N_MEAN,0.0031944178977625854,0.002262515771305992,-0.0009319021264565935
PREV_NAME_CASH_LOAN_PURPOSE_Payments_on_other_loans_MEAN,0.005573000284844827,0.004609900819633689,-0.0009630994652111381
LANDAREA_MEDI,0.0046235479721130155,0.003640924766459306,-0.0009826232056537095
NAME_CONTRACT_TYPE_Revolving_loans,0.0019212530115132215,0.0009291985672803663,-0.0009920544442328552
CC_AMT_INST_MIN_REGULARITY_MIN,0.0025233515051616877,0.0015163028005873152,-0.0010070487045743726
PREV_NAME_CASH_LOAN_PURPOSE_Repairs_MEAN,0.0029644328354892597,0.0019413565856837129,-0.0010230762498055468
CC_AMT_PAYMENT_TOTAL_CURRENT_SUM,0.0015911240574429293,0.0005527370759957987,-0.0010383869814471307
INSTAL_PAYMENT_PERC_SUM,0.014988718437600463,0.013944514593487839,-0.001044203844112624
COMMONAREA_AVG,0.029304180731890554,0.028241952161326328,-0.0010622285705642262
BURO_CREDIT_TYPE_Microloan_MEAN,0.007733072152720965,0.006667057884976959,-0.0010660142677440063
REFUSED_AMT_DOWN_PAYMENT_MIN,0.00345892631653608,0.002353437518196654,-0.0011054887983394262
PREV_NAME_CASH_LOAN_PURPOSE_Gasification_water_supply_MEAN,0.007336971984390695,0.006213871791041426,-0.001123100193349269
ORGANIZATION_TYPE_Transport_type_4,0.0022299936308054664,0.001105629871519472,-0.0011243637592859945
BURO_CREDIT_TYPE_Mobile_operator_loan_MEAN,0.005229335619534215,0.004095636732235978,-0.0011336988872982364
CC_AMT_DRAWINGS_POS_CURRENT_SUM,0.008258796214344832,0.007124278561186688,-0.0011345176531581446
PREV_NAME_SELLER_INDUSTRY_Connectivity_MEAN,0.002127813674201252,0.0009899738933094664,-0.0011378397808917853
REFUSED_CNT_PAYMENT_MEAN,0.010627509179526888,0.009475869251443347,-0.0011516399280835418
POS_NAME_CONTRACT_STATUS_Signed_MEAN,0.013121053248501264,0.011865856880616369,-0.0012551963678848945
ACTIVE_CREDIT_DAY_OVERDUE_MAX,0.009007430964636073,0.007742832025994829,-0.0012645989386412433
PREV_PRODUCT_COMBINATION_POS_mobile_without_interest_MEAN,0.003973020755825119,0.002647157489061445,-0.0013258632667636746
CC_NAME_CONTRACT_STATUS_Completed_VAR,0.001967619883887035,0.0006262783084620591,-0.001341341575424976
PREV_AMT_ANNUITY_MEAN,0.005157430563441796,0.0038010670853766606,-0.0013563634780651354
BURO_AMT_CREDIT_SUM_LIMIT_SUM,0.011133102378009916,0.009766674709934997,-0.0013664276680749182
ACTIVE_AMT_CREDIT_SUM_DEBT_MAX,0.007299894003159454,0.005915873178083149,-0.0013840208250763047
ORGANIZATION_TYPE_Industry_type_13,0.0027069673158904893,0.0013041386424439841,-0.0014028286734465052
CLOSED_DAYS_CREDIT_ENDDATE_MAX,0.005287261530552722,0.003828146623356951,-0.0014591149071957713
WALLSMATERIAL_MODE_Others,0.006005576558468073,0.004483133595689224,-0.0015224429627788494
CLOSED_AMT_ANNUITY_MEAN,0.003911047435442361,0.002342338609971456,-0.001568708825470905
CLOSED_MONTHS_BALANCE_MIN_MIN,0.0028192646630790037,0.0012291971778357628,-0.001590067485243241
DEF_60_CNT_SOCIAL_CIRCLE,0.006002475711023926,0.004319217112826389,-0.0016832585981975366
ORGANIZATION_TYPE_Agriculture,0.0021409767971260936,0.00045648587856594245,-0.0016844909185601512
COMMONAREA_MEDI,0.02336727941662922,0.021587380410710844,-0.0017798990059183749
AMT_REQ_CREDIT_BUREAU_QRT,0.009661817687317543,0.007873701801631206,-0.0017881158856863366
CC_CNT_DRAWINGS_CURRENT_VAR,0.008662739644111106,0.006870146734404528,-0.0017925929097065774
PREV_PRODUCT_COMBINATION_Cash_X-Sell_high_MEAN,0.004931023606409594,0.0031243112247200493,-0.0018067123816895448
ACTIVE_DAYS_CREDIT_ENDDATE_MAX,0.006618525484708634,0.004800182099252705,-0.0018183433854559285
ACTIVE_AMT_CREDIT_SUM_DEBT_SUM,0.00828707336085067,0.006415508083740627,-0.0018715652771100428
CLOSED_MONTHS_BALANCE_SIZE_MEAN,0.007741505778345745,0.005869454066552598,-0.0018720517117931466
BURO_CREDIT_ACTIVE_Active_MEAN,0.04372736961039277,0.041845502489700724,-0.001881867120692049
CC_AMT_DRAWINGS_OTHER_CURRENT_SUM,0.019967761609560274,0.018077359417050364,-0.0018904021925099102
CC_SK_DPD_DEF_SUM,0.010501075876331053,0.008592199883148443,-0.00190887599318261
OCCUPATION_TYPE_Medicine_staff,0.013179473147246304,0.011270449604023645,-0.0019090235432226588
APPROVED_AMT_CREDIT_MAX,0.009941790645180198,0.007981357300201788,-0.0019604333449784097
APPROVED_HOUR_APPR_PROCESS_START_MEAN,0.010385947067182065,0.008384702508476087,-0.0020012445587059783
CC_AMT_CREDIT_LIMIT_ACTUAL_MIN,0.007319671480233655,0.005296424899895044,-0.0020232465803386107
INSTAL_PAYMENT_DIFF_MAX,0.024756819340898854,0.022686388754745965,-0.0020704305861528882
PREV_NAME_SELLER_INDUSTRY_Tourism_MEAN,0.0050861049254058086,0.002925084190026689,-0.0021610207353791196
PREV_NAME_CLIENT_TYPE_Refreshed_MEAN,0.003856570492151322,0.0015427059808780879,-0.0023138645112732344
INSTAL_AMT_INSTALMENT_MAX,0.011517825575527012,0.009188576308706512,-0.0023292492668205
LIVINGAREA_MEDI,0.015292292366874731,0.012959272595604908,-0.0023330197712698227
BURO_CREDIT_TYPE_Loan_for_purchase_of_shares_margin_lending_MEAN,0.03987242908174361,0.03732544707555867,-0.0025469820061849446
REFUSED_AMT_ANNUITY_MIN,0.018732914646065565,0.01616065614033889,-0.0025722585057266767
POS_COUNT,0.009961862398274703,0.007319340652635402,-0.0026425217456393013
APPROVED_AMT_GOODS_PRICE_MEAN,0.010216123818248126,0.0075657742124348795,-0.0026503496058132466
CLOSED_AMT_CREDIT_SUM_OVERDUE_MEAN,0.017589579436913135,0.01481346566820605,-0.002776113768707086
NAME_INCOME_TYPE_Businessman,0.011682703669978764,0.0088698092132376,-0.002812894456741164
ORGANIZATION_TYPE_Hotel,0.0063411296425026275,0.0034858537731048325,-0.002855275869397795
PREV_AMT_ANNUITY_MIN,0.022152255592832164,0.01923319003184666,-0.002919065560985503
APPROVED_HOUR_APPR_PROCESS_START_MAX,0.004689210170472467,0.0017365516820210126,-0.002952658488451454
FONDKAPREMONT_MODE_reg_oper_account,0.004139574872955693,0.001149285469090177,-0.002990289403865516
POS_NAME_CONTRACT_STATUS_XNA_MEAN,0.01214203431667686,0.008927030961615021,-0.0032150033550618386
CC_AMT_CREDIT_LIMIT_ACTUAL_SUM,0.012934316665929707,0.009668553247933104,-0.0032657634179966023
LIVE_CITY_NOT_WORK_CITY,0.07655232430551709,0.07325189254751036,-0.0033004317580067333
INSTAL_PAYMENT_DIFF_VAR,0.010195228258906688,0.006863086201073226,-0.0033321420578334626
CLOSED_AMT_CREDIT_SUM_MEAN,0.015188129179205902,0.011816674186706023,-0.0033714549924998786
DEF_30_CNT_SOCIAL_CIRCLE,0.01132568432377794,0.007935452949949351,-0.0033902313738285884
PREV_WEEKDAY_APPR_PROCESS_START_THURSDAY_MEAN,0.023175378764311045,0.01971373595393821,-0.0034616428103728357
CC_AMT_DRAWINGS_ATM_CURRENT_MIN,0.017309169618870225,0.013781613079021319,-0.0035275565398489063
ORGANIZATION_TYPE_Business_Entity_Type_2,0.005819788435337841,0.0017722483770640054,-0.004047540058273835
BASEMENTAREA_AVG,0.038154038761075634,0.034052610180523316,-0.004101428580552319
APPROVED_AMT_DOWN_PAYMENT_MAX,0.0068800158054704505,0.002631018107326278,-0.004248997698144173
CLOSED_AMT_ANNUITY_MAX,0.007282681326212404,0.0029532104088732074,-0.004329470917339197
BURO_STATUS_1_MEAN_MEAN,0.018673640188059015,0.014274728989927689,-0.004398911198131326
NAME_TYPE_SUITE_Family,0.014038392237884102,0.009385366065196271,-0.00465302617268783
PREV_PRODUCT_COMBINATION_Cash_Street_high_MEAN,0.005634977684410654,0.0007601946921190464,-0.004874782992291608
WALLSMATERIAL_MODE_Wooden,0.014336020487070984,0.008521175818250955,-0.0058148446688200284
CC_MONTHS_BALANCE_SUM,0.0807796248013535,0.07493860483484603,-0.005841019966507474
APPROVED_AMT_GOODS_PRICE_MAX,0.014254965064519532,0.00789211637709462,-0.006362848687424911
LANDAREA_AVG,0.0755757039127512,0.06666059929722158,-0.00891510461552962
NAME_FAMILY_STATUS_Widow,0.019035494893427027,0.009196354637902835,-0.009839140255524192
CC_AMT_CREDIT_LIMIT_ACTUAL_MEAN,0.027923970729695366,0.01797446446716055,-0.009949506262534817
YEARS_BEGINEXPLUATATION_AVG,0.09424025979544802,0.08283752333561704,-0.011402736459830976
OCCUPATION_TYPE_Realty_agents,0.03591390805891932,0.02392720340130993,-0.011986704657609391
APPROVED_AMT_CREDIT_MIN,0.039864668608665985,0.02732459091490298,-0.012540077693763006
WEEKDAY_APPR_PROCESS_START_FRIDAY,0.05516335927685414,0.04211398562704884,-0.013049373649805296
ENTRANCES_AVG,0.06980915178491086,0.056637069628940884,-0.013172082155969975
CC_SK_DPD_SUM,0.03681617122088293,0.020441068141687734,-0.016375103079195198
